Дата;Месяц;Регион;Город;Канал;Клиент;Категория;Препарат;Упаковок;Цена за упаковку, ₽;Скидка, %;Сумма, ₽;Возвраты, упак.;Менеджер;Телефон менеджера;E-mail менеджера
01.01.2025;01.2025;Москва;Москва;Дистрибьютор;Фарма-Логистик;Респираторные;Респиролан;1327;1890;21,6;1966296;0;Кузнецов Андрей Сергеевич;+7 915 988-30-58;a.kuznetsov@example-pharma.ru
01.01.2025;01.2025;Юг;Краснодар;Аптечная сеть;ФармаПлюс;Кардиология;Кардистан;127;2150;7,5;252571;0;Новикова Елена Андреевна;+7 950 491-11-10;e.novikova@example-pharma.ru
02.01.2025;01.2025;Сибирь;Омск;Аптечная сеть;ФармаПлюс;Кардиология;Кардистан;77;2150;7,9;152472;0;Никитин Артём Николаевич;+7 959 372-29-12;a.nikitin@example-pharma.ru
03.01.2025;01.2025;Поволжье;Уфа;Аптечная сеть;Аптека у дома;Безрецептурные;Гастролюкс;82;620;6,4;47586;0;Никитина Елена Ивановна;+7 934 832-15-66;e.nikitina@example-pharma.ru
04.01.2025;01.2025;Москва;Москва;Ветеринарная клиника;Зооклиника Друг;Ветеринария;Ветапрол;41;1450;5,2;56359;0;Орлова Ирина Сергеевна;+7 955 393-99-18;i.orlova@example-pharma.ru
04.01.2025;01.2025;Сибирь;Новосибирск;Онлайн-аптека;е-Аптека;Диабет;Инсулакс;75;4320;6,4;303264;0;Никитин Артём Николаевич;+7 959 372-29-12;a.nikitin@example-pharma.ru
05.01.2025;01.2025;Поволжье;Казань;Аптечная сеть;Аптека Здравница;Кардиология;Кардистан;41;2150;7,4;81627;0;Лебедев Павел Александрович;+7 988 583-46-95;p.lebedev@example-pharma.ru
05.01.2025;01.2025;Поволжье;Уфа;Госпитальный сегмент;Региональный онкоцентр;Онкология;Онкотрел;14;38900;13,3;472168;0;Лебедев Павел Александрович;+7 988 583-46-95;p.lebedev@example-pharma.ru
05.01.2025;01.2025;Юг;Волгоград;Ветеринарная клиника;Ветаптека Барбос;Ветеринария;Ветапрол;36;1450;5,6;49277;0;Новикова Елена Андреевна;+7 950 491-11-10;e.novikova@example-pharma.ru
07.01.2025;01.2025;Москва;Москва;Госпитальный сегмент;Городская больница № 12;Онкология;Онкотрел;23;38900;14,2;767653;0;Орлова Ирина Сергеевна;+7 955 393-99-18;i.orlova@example-pharma.ru
07.01.2025;01.2025;Санкт-Петербург;Санкт-Петербург;Онлайн-аптека;АптекаМаркет;Диабет;Глюкорин;75;2680;3,2;194568;0;Борисов Роман Андреевич;+7 914 981-86-65;r.borisov@example-pharma.ru
07.01.2025;01.2025;Урал;Пермь;Дистрибьютор;Сибирский фармсклад;Кардиология;Тензолар;628;980;7,8;567436;0;Егорова Наталья Викторовна;+7 927 285-25-54;n.egorova@example-pharma.ru
08.01.2025;01.2025;Юг;Волгоград;Аптечная сеть;Зелёная аптека;Респираторные;Пульмостат;356;1240;7,1;410098;0;Новикова Елена Андреевна;+7 950 491-11-10;e.novikova@example-pharma.ru
09.01.2025;01.2025;Дальний Восток;Хабаровск;Ветеринарная клиника;Ветаптека Барбос;Ветеринария;Ветапрол;40;1450;4,3;55506;0;Егоров Александр Андреевич;+7 954 214-78-51;a.egorov@example-pharma.ru
10.01.2025;01.2025;Москва;Москва;Аптечная сеть;Городская аптека 24;Диабет;Инсулакс;145;4320;4,5;598212;0;Орлова Ирина Сергеевна;+7 955 393-99-18;i.orlova@example-pharma.ru
13.01.2025;01.2025;Урал;Екатеринбург;Аптечная сеть;Зелёная аптека;Респираторные;Респиролан;237;1890;6,3;419710;0;Егорова Наталья Викторовна;+7 927 285-25-54;n.egorova@example-pharma.ru
13.01.2025;01.2025;Центр;Рязань;Госпитальный сегмент;Городская больница № 12;Безрецептурные;Дормивит;77;540;10,4;37256;0;Морозова Марина Александровна;+7 996 241-77-51;m.morozova@example-pharma.ru
15.01.2025;01.2025;Поволжье;Уфа;Аптечная сеть;Аптека у дома;Кардиология;Тензолар;44;980;4,7;41093;0;Никитина Елена Ивановна;+7 934 832-15-66;e.nikitina@example-pharma.ru
15.01.2025;01.2025;Сибирь;Красноярск;Онлайн-аптека;е-Аптека;Респираторные;Пульмостат;145;1240;5,6;169731;0;Никитин Артём Николаевич;+7 959 372-29-12;a.nikitin@example-pharma.ru
16.01.2025;01.2025;Центр;Ярославль;Дистрибьютор;МедТрейд;Респираторные;Пульмостат;2425;1240;6,8;2802524;0;Волкова Дарья Викторовна;+7 981 683-85-73;d.volkova@example-pharma.ru
19.01.2025;01.2025;Дальний Восток;Владивосток;Дистрибьютор;РосФарм Дистрибьюшн;Безрецептурные;Дормивит;403;540;7,9;200428;2;Егоров Александр Андреевич;+7 954 214-78-51;a.egorov@example-pharma.ru
19.01.2025;01.2025;Москва;Москва;Госпитальный сегмент;Региональный онкоцентр;Онкология;Онкотрел;27;38900;13,8;905359;0;Кузнецов Андрей Сергеевич;+7 915 988-30-58;a.kuznetsov@example-pharma.ru
19.01.2025;01.2025;Центр;Рязань;Дистрибьютор;РосФарм Дистрибьюшн;Ветеринария;Ветапрол;611;1450;5,8;834565;0;Волкова Дарья Викторовна;+7 981 683-85-73;d.volkova@example-pharma.ru
20.01.2025;01.2025;Сибирь;Омск;Дистрибьютор;Фарма-Логистик;Безрецептурные;Гастролюкс;730;620;18,3;369774;3;Никитин Артём Николаевич;+7 959 372-29-12;a.nikitin@example-pharma.ru
21.01.2025;01.2025;Сибирь;Омск;Онлайн-аптека;АптекаМаркет;Диабет;Инсулакс;52;4320;3,4;217002;0;Никитин Артём Николаевич;+7 959 372-29-12;a.nikitin@example-pharma.ru
21.01.2025;01.2025;Сибирь;Омск;Дистрибьютор;РосФарм Дистрибьюшн;Безрецептурные;Дормивит;425;540;6,8;213894;0;Никитин Артём Николаевич;+7 959 372-29-12;a.nikitin@example-pharma.ru
25.01.2025;01.2025;Поволжье;Уфа;Дистрибьютор;Фарма-Логистик;Респираторные;Пульмостат;2075;1240;17,6;2120152;0;Никитина Елена Ивановна;+7 934 832-15-66;e.nikitina@example-pharma.ru
26.01.2025;01.2025;Юг;Ростов-на-Дону;Дистрибьютор;Фарма-Логистик;Респираторные;Пульмостат;1694;1240;21,5;1648940;0;Новикова Елена Андреевна;+7 950 491-11-10;e.novikova@example-pharma.ru
27.01.2025;01.2025;Поволжье;Казань;Дистрибьютор;МедТрейд;Диабет;Глюкорин;455;2680;6,1;1145017;5;Никитина Елена Ивановна;+7 934 832-15-66;e.nikitina@example-pharma.ru
27.01.2025;01.2025;Сибирь;Омск;Госпитальный сегмент;Региональный онкоцентр;Безрецептурные;Дормивит;324;540;12,9;152390;1;Никитин Артём Николаевич;+7 959 372-29-12;a.nikitin@example-pharma.ru
28.01.2025;01.2025;Дальний Восток;Хабаровск;Онлайн-аптека;е-Аптека;Кардиология;Кардистан;36;2150;6,7;72214;0;Егоров Александр Андреевич;+7 954 214-78-51;a.egorov@example-pharma.ru
01.02.2025;02.2025;Москва;Москва;Аптечная сеть;Аптека у дома;Респираторные;Пульмостат;309;1240;7,9;352890;0;Кузнецов Андрей Сергеевич;+7 915 988-30-58;a.kuznetsov@example-pharma.ru
01.02.2025;02.2025;Москва;Москва;Аптечная сеть;Зелёная аптека;Безрецептурные;Гастролюкс;68;620;7,8;38872;0;Орлова Ирина Сергеевна;+7 955 393-99-18;i.orlova@example-pharma.ru
01.02.2025;02.2025;Центр;Рязань;Аптечная сеть;ФармаПлюс;Респираторные;Пульмостат;100;1240;4,6;118296;0;Морозова Марина Александровна;+7 996 241-77-51;m.morozova@example-pharma.ru
04.02.2025;02.2025;Поволжье;Уфа;Дистрибьютор;Сибирский фармсклад;Диабет;Глюкорин;205;2680;7,1;510393;0;Никитина Елена Ивановна;+7 934 832-15-66;e.nikitina@example-pharma.ru
04.02.2025;02.2025;Юг;Ростов-на-Дону;Аптечная сеть;Аптека у дома;Диабет;Глюкорин;131;2680;6,8;327207;0;Новикова Елена Андреевна;+7 950 491-11-10;e.novikova@example-pharma.ru
05.02.2025;02.2025;Урал;Челябинск;Дистрибьютор;РосФарм Дистрибьюшн;Кардиология;Кардистан;242;2150;7,0;483879;0;Егорова Наталья Викторовна;+7 927 285-25-54;n.egorova@example-pharma.ru
08.02.2025;02.2025;Санкт-Петербург;Санкт-Петербург;Дистрибьютор;РосФарм Дистрибьюшн;Ветеринария;Ветапрол;798;1450;6,8;1078417;4;Волкова Елена Ивановна;+7 992 872-64-46;e.volkova@example-pharma.ru
09.02.2025;02.2025;Поволжье;Уфа;Госпитальный сегмент;Городская больница № 12;Безрецептурные;Гастролюкс;272;620;14,4;144356;0;Лебедев Павел Александрович;+7 988 583-46-95;p.lebedev@example-pharma.ru
10.02.2025;02.2025;Москва;Москва;Госпитальный сегмент;Областная клиническая больница;Респираторные;Пульмостат;459;1240;12,9;495738;0;Орлова Ирина Сергеевна;+7 955 393-99-18;i.orlova@example-pharma.ru
10.02.2025;02.2025;Москва;Москва;Госпитальный сегмент;Областная клиническая больница;Безрецептурные;Дормивит;386;540;14,8;177591;0;Орлова Ирина Сергеевна;+7 955 393-99-18;i.orlova@example-pharma.ru
11.02.2025;02.2025;Юг;Ростов-на-Дону;Ветеринарная клиника;Зооклиника Друг;Ветеринария;Ветапрол;32;1450;4,1;44498;0;Новикова Елена Андреевна;+7 950 491-11-10;e.novikova@example-pharma.ru
13.02.2025;02.2025;Москва;Москва;Госпитальный сегмент;Кардиологический диспансер;Онкология;Онкотрел;7;38900;14,3;233361;0;Кузнецов Андрей Сергеевич;+7 915 988-30-58;a.kuznetsov@example-pharma.ru
13.02.2025;02.2025;Москва;Москва;Дистрибьютор;МедТрейд;Ветеринария;Флеастоп;524;1120;8,9;534648;0;Кузнецов Андрей Сергеевич;+7 915 988-30-58;a.kuznetsov@example-pharma.ru
13.02.2025;02.2025;Юг;Краснодар;Аптечная сеть;Зелёная аптека;Безрецептурные;Гастролюкс;145;620;6,3;84236;0;Новикова Елена Андреевна;+7 950 491-11-10;e.novikova@example-pharma.ru
14.02.2025;02.2025;Сибирь;Омск;Дистрибьютор;Сибирский фармсклад;Респираторные;Пульмостат;1466;1240;5,0;1726948;12;Никитин Артём Николаевич;+7 959 372-29-12;a.nikitin@example-pharma.ru
14.02.2025;02.2025;Урал;Екатеринбург;Аптечная сеть;Аптека Здравница;Кардиология;Тензолар;173;980;5,7;159876;0;Егорова Наталья Викторовна;+7 927 285-25-54;n.egorova@example-pharma.ru
16.02.2025;02.2025;Дальний Восток;Владивосток;Аптечная сеть;Зелёная аптека;Респираторные;Пульмостат;313;1240;5,3;367550;0;Егоров Александр Андреевич;+7 954 214-78-51;a.egorov@example-pharma.ru
16.02.2025;02.2025;Санкт-Петербург;Санкт-Петербург;Аптечная сеть;ФармаПлюс;Кардиология;Тензолар;119;980;7,9;107407;0;Борисов Роман Андреевич;+7 914 981-86-65;r.borisov@example-pharma.ru
17.02.2025;02.2025;Москва;Москва;Аптечная сеть;Аптека Здравница;Диабет;Инсулакс;153;4320;6,5;617998;0;Кузнецов Андрей Сергеевич;+7 915 988-30-58;a.kuznetsov@example-pharma.ru
17.02.2025;02.2025;Москва;Москва;Аптечная сеть;Зелёная аптека;Безрецептурные;Гастролюкс;142;620;6,7;82141;0;Кузнецов Андрей Сергеевич;+7 915 988-30-58;a.kuznetsov@example-pharma.ru
17.02.2025;02.2025;Урал;Челябинск;Аптечная сеть;ФармаПлюс;Кардиология;Тензолар;66;980;6,0;60799;0;Егорова Наталья Викторовна;+7 927 285-25-54;n.egorova@example-pharma.ru
17.02.2025;02.2025;Урал;Пермь;Госпитальный сегмент;Региональный онкоцентр;Онкология;Онкотрел;9;38900;14,6;298985;0;Егорова Наталья Викторовна;+7 927 285-25-54;n.egorova@example-pharma.ru
19.02.2025;02.2025;Москва;Москва;Дистрибьютор;РосФарм Дистрибьюшн;Кардиология;Кардистан;332;2150;7,2;662406;0;Орлова Ирина Сергеевна;+7 955 393-99-18;i.orlova@example-pharma.ru
20.02.2025;02.2025;Урал;Пермь;Госпитальный сегмент;Кардиологический диспансер;Респираторные;Пульмостат;178;1240;10,4;197765;0;Егорова Наталья Викторовна;+7 927 285-25-54;n.egorova@example-pharma.ru
21.02.2025;02.2025;Санкт-Петербург;Санкт-Петербург;Дистрибьютор;Сибирский фармсклад;Ветеринария;Ветапрол;492;1450;5,8;672023;4;Борисов Роман Андреевич;+7 914 981-86-65;r.borisov@example-pharma.ru
21.02.2025;02.2025;Центр;Тула;Дистрибьютор;Сибирский фармсклад;Диабет;Инсулакс;845;4320;6,1;3427726;0;Морозова Марина Александровна;+7 996 241-77-51;m.morozova@example-pharma.ru
22.02.2025;02.2025;Москва;Москва;Аптечная сеть;Аптека Здравница;Кардиология;Тензолар;139;980;6,6;127229;0;Орлова Ирина Сергеевна;+7 955 393-99-18;i.orlova@example-pharma.ru
23.02.2025;02.2025;Дальний Восток;Владивосток;Госпитальный сегмент;Областная клиническая больница;Безрецептурные;Дормивит;318;540;13,5;148538;0;Егоров Александр Андреевич;+7 954 214-78-51;a.egorov@example-pharma.ru
26.02.2025;02.2025;Центр;Тула;Дистрибьютор;Сибирский фармсклад;Онкология;Онкотрел;35;38900;5,1;1292064;0;Морозова Марина Александровна;+7 996 241-77-51;m.morozova@example-pharma.ru
27.02.2025;02.2025;Сибирь;Красноярск;Дистрибьютор;МедТрейд;Диабет;Глюкорин;721;2680;8,6;1766104;8;Никитин Артём Николаевич;+7 959 372-29-12;a.nikitin@example-pharma.ru
27.02.2025;02.2025;Урал;Екатеринбург;Дистрибьютор;Сибирский фармсклад;Респираторные;Респиролан;933;1890;7,9;1624064;3;Егорова Наталья Викторовна;+7 927 285-25-54;n.egorova@example-pharma.ru
01.03.2025;03.2025;Санкт-Петербург;Санкт-Петербург;Аптечная сеть;ФармаПлюс;Кардиология;Кардистан;178;2150;7,8;352849;0;Борисов Роман Андреевич;+7 914 981-86-65;r.borisov@example-pharma.ru
04.03.2025;03.2025;Центр;Воронеж;Аптечная сеть;ФармаПлюс;Кардиология;Кардистан;46;2150;4,0;94944;0;Морозова Марина Александровна;+7 996 241-77-51;m.morozova@example-pharma.ru
05.03.2025;03.2025;Санкт-Петербург;Санкт-Петербург;Дистрибьютор;Фарма-Логистик;Онкология;Онкотрел;49;38900;17,4;1574439;0;Борисов Роман Андреевич;+7 914 981-86-65;r.borisov@example-pharma.ru
05.03.2025;03.2025;Сибирь;Омск;Дистрибьютор;РосФарм Дистрибьюшн;Респираторные;Респиролан;1030;1890;6,7;1816271;0;Никитин Артём Николаевич;+7 959 372-29-12;a.nikitin@example-pharma.ru
06.03.2025;03.2025;Санкт-Петербург;Санкт-Петербург;Дистрибьютор;МедТрейд;Респираторные;Респиролан;680;1890;8,4;1177243;4;Волкова Елена Ивановна;+7 992 872-64-46;e.volkova@example-pharma.ru
07.03.2025;03.2025;Москва;Москва;Госпитальный сегмент;Региональный онкоцентр;Кардиология;Тензолар;211;980;14,3;177210;0;Орлова Ирина Сергеевна;+7 955 393-99-18;i.orlova@example-pharma.ru
07.03.2025;03.2025;Урал;Пермь;Аптечная сеть;Зелёная аптека;Респираторные;Пульмостат;192;1240;4,5;227366;0;Егорова Наталья Викторовна;+7 927 285-25-54;n.egorova@example-pharma.ru
08.03.2025;03.2025;Санкт-Петербург;Санкт-Петербург;Онлайн-аптека;АптекаМаркет;Диабет;Глюкорин;51;2680;5,5;129163;0;Борисов Роман Андреевич;+7 914 981-86-65;r.borisov@example-pharma.ru
09.03.2025;03.2025;Дальний Восток;Хабаровск;Аптечная сеть;Аптека у дома;Кардиология;Тензолар;57;980;7,5;51670;0;Егоров Александр Андреевич;+7 954 214-78-51;a.egorov@example-pharma.ru
10.03.2025;03.2025;Дальний Восток;Владивосток;Аптечная сеть;ФармаПлюс;Безрецептурные;Гастролюкс;99;620;6,0;57697;0;Егоров Александр Андреевич;+7 954 214-78-51;a.egorov@example-pharma.ru
10.03.2025;03.2025;Юг;Волгоград;Дистрибьютор;МедТрейд;Диабет;Инсулакс;674;4320;8,9;2652540;0;Новикова Елена Андреевна;+7 950 491-11-10;e.novikova@example-pharma.ru
11.03.2025;03.2025;Дальний Восток;Хабаровск;Ветеринарная клиника;ВетСити;Ветеринария;Ветапрол;47;1450;5,7;64265;0;Егоров Александр Андреевич;+7 954 214-78-51;a.egorov@example-pharma.ru
13.03.2025;03.2025;Москва;Москва;Дистрибьютор;РосФарм Дистрибьюшн;Ветеринария;Флеастоп;246;1120;5,8;259540;0;Кузнецов Андрей Сергеевич;+7 915 988-30-58;a.kuznetsov@example-pharma.ru
13.03.2025;03.2025;Москва;Москва;Госпитальный сегмент;Областная клиническая больница;Безрецептурные;Дормивит;211;540;11,2;101179;1;Орлова Ирина Сергеевна;+7 955 393-99-18;i.orlova@example-pharma.ru
13.03.2025;03.2025;Юг;Ростов-на-Дону;Аптечная сеть;Городская аптека 24;Безрецептурные;Гастролюкс;97;620;5,1;57073;0;Новикова Елена Андреевна;+7 950 491-11-10;e.novikova@example-pharma.ru
14.03.2025;03.2025;Москва;Москва;Онлайн-аптека;е-Аптека;Кардиология;Кардистан;41;2150;5,5;83302;0;Орлова Ирина Сергеевна;+7 955 393-99-18;i.orlova@example-pharma.ru
14.03.2025;03.2025;Санкт-Петербург;Санкт-Петербург;Аптечная сеть;ФармаПлюс;Диабет;Глюкорин;106;2680;6,2;266467;0;Борисов Роман Андреевич;+7 914 981-86-65;r.borisov@example-pharma.ru
15.03.2025;03.2025;Дальний Восток;Владивосток;Онлайн-аптека;е-Аптека;Респираторные;Респиролан;144;1890;3,3;263179;1;Егоров Александр Андреевич;+7 954 214-78-51;a.egorov@example-pharma.ru
16.03.2025;03.2025;Москва;Москва;Ветеринарная клиника;Ветаптека Барбос;Ветеринария;Флеастоп;30;1120;7,1;31214;0;Орлова Ирина Сергеевна;+7 955 393-99-18;i.orlova@example-pharma.ru
18.03.2025;03.2025;Поволжье;Казань;Дистрибьютор;МедТрейд;Ветеринария;Флеастоп;234;1120;8,3;240327;0;Лебедев Павел Александрович;+7 988 583-46-95;p.lebedev@example-pharma.ru
18.03.2025;03.2025;Урал;Пермь;Госпитальный сегмент;Кардиологический диспансер;Респираторные;Пульмостат;212;1240;10,7;234752;0;Егорова Наталья Викторовна;+7 927 285-25-54;n.egorova@example-pharma.ru
19.03.2025;03.2025;Санкт-Петербург;Санкт-Петербург;Аптечная сеть;Аптека Здравница;Безрецептурные;Гастролюкс;73;620;5,1;42952;0;Волкова Елена Ивановна;+7 992 872-64-46;e.volkova@example-pharma.ru
19.03.2025;03.2025;Урал;Екатеринбург;Аптечная сеть;Зелёная аптека;Безрецептурные;Гастролюкс;144;620;4,0;85709;0;Егорова Наталья Викторовна;+7 927 285-25-54;n.egorova@example-pharma.ru
21.03.2025;03.2025;Москва;Москва;Дистрибьютор;МедТрейд;Диабет;Глюкорин;344;2680;5,5;871214;2;Орлова Ирина Сергеевна;+7 955 393-99-18;i.orlova@example-pharma.ru
22.03.2025;03.2025;Москва;Москва;Дистрибьютор;МедТрейд;Диабет;Глюкорин;482;2680;8,9;1176793;5;Кузнецов Андрей Сергеевич;+7 915 988-30-58;a.kuznetsov@example-pharma.ru
22.03.2025;03.2025;Поволжье;Казань;Дистрибьютор;Фарма-Логистик;Респираторные;Пульмостат;968;1240;18,5;978261;0;Никитина Елена Ивановна;+7 934 832-15-66;e.nikitina@example-pharma.ru
22.03.2025;03.2025;Поволжье;Уфа;Онлайн-аптека;е-Аптека;Кардиология;Тензолар;113;980;3,1;107307;0;Никитина Елена Ивановна;+7 934 832-15-66;e.nikitina@example-pharma.ru
23.03.2025;03.2025;Сибирь;Омск;Госпитальный сегмент;Городская больница № 12;Онкология;Онкотрел;32;38900;14,2;1068038;0;Никитин Артём Николаевич;+7 959 372-29-12;a.nikitin@example-pharma.ru
24.03.2025;03.2025;Поволжье;Казань;Дистрибьютор;РосФарм Дистрибьюшн;Безрецептурные;Гастролюкс;319;620;6,6;184727;0;Лебедев Павел Александрович;+7 988 583-46-95;p.lebedev@example-pharma.ru
25.03.2025;03.2025;Санкт-Петербург;Санкт-Петербург;Госпитальный сегмент;Кардиологический диспансер;Онкология;Онкотрел;19;38900;14,9;628974;0;Волкова Елена Ивановна;+7 992 872-64-46;e.volkova@example-pharma.ru
01.04.2025;04.2025;Москва;Москва;Дистрибьютор;Фарма-Логистик;Кардиология;Тензолар;520;980;19,4;410738;1;Кузнецов Андрей Сергеевич;+7 915 988-30-58;a.kuznetsov@example-pharma.ru
03.04.2025;04.2025;Дальний Восток;Хабаровск;Аптечная сеть;Городская аптека 24;Кардиология;Тензолар;126;980;6,7;115207;0;Егоров Александр Андреевич;+7 954 214-78-51;a.egorov@example-pharma.ru
03.04.2025;04.2025;Поволжье;Самара;Дистрибьютор;МедТрейд;Диабет;Инсулакс;689;4320;7,2;2762173;0;Никитина Елена Ивановна;+7 934 832-15-66;e.nikitina@example-pharma.ru
03.04.2025;04.2025;Санкт-Петербург;Санкт-Петербург;Госпитальный сегмент;Городская больница № 12;Онкология;Онкотрел;8;38900;12,9;271055;0;Волкова Елена Ивановна;+7 992 872-64-46;e.volkova@example-pharma.ru
03.04.2025;04.2025;Сибирь;Новосибирск;Аптечная сеть;Зелёная аптека;Безрецептурные;Дормивит;87;540;6,6;43879;0;Никитин Артём Николаевич;+7 959 372-29-12;a.nikitin@example-pharma.ru
04.04.2025;04.2025;Центр;Рязань;Ветеринарная клиника;Ветаптека Барбос;Ветеринария;Ветапрол;39;1450;5,7;53327;0;Волкова Дарья Викторовна;+7 981 683-85-73;d.volkova@example-pharma.ru
04.04.2025;04.2025;Центр;Тула;Дистрибьютор;МедТрейд;Безрецептурные;Дормивит;742;540;5,4;379043;0;Морозова Марина Александровна;+7 996 241-77-51;m.morozova@example-pharma.ru
05.04.2025;04.2025;Москва;Москва;Ветеринарная клиника;ВетСити;Ветеринария;Ветапрол;60;1450;5,5;82215;0;Кузнецов Андрей Сергеевич;+7 915 988-30-58;a.kuznetsov@example-pharma.ru
05.04.2025;04.2025;Москва;Москва;Госпитальный сегмент;Областная клиническая больница;Безрецептурные;Дормивит;202;540;14,5;93263;2;Кузнецов Андрей Сергеевич;+7 915 988-30-58;a.kuznetsov@example-pharma.ru
07.04.2025;04.2025;Москва;Москва;Аптечная сеть;Зелёная аптека;Диабет;Глюкорин;148;2680;6,6;370462;0;Кузнецов Андрей Сергеевич;+7 915 988-30-58;a.kuznetsov@example-pharma.ru
07.04.2025;04.2025;Москва;Москва;Аптечная сеть;Городская аптека 24;Диабет;Глюкорин;152;2680;5,6;384548;0;Кузнецов Андрей Сергеевич;+7 915 988-30-58;a.kuznetsov@example-pharma.ru
07.04.2025;04.2025;Поволжье;Уфа;Ветеринарная клиника;ВетСити;Ветеринария;Ветапрол;53;1450;6,6;71778;0;Лебедев Павел Александрович;+7 988 583-46-95;p.lebedev@example-pharma.ru
07.04.2025;04.2025;Урал;Екатеринбург;Дистрибьютор;Фарма-Логистик;Безрецептурные;Дормивит;317;540;18,7;139169;0;Егорова Наталья Викторовна;+7 927 285-25-54;n.egorova@example-pharma.ru
11.04.2025;04.2025;Центр;Рязань;Госпитальный сегмент;Кардиологический диспансер;Кардиология;Кардистан;83;2150;11,1;158642;0;Волкова Дарья Викторовна;+7 981 683-85-73;d.volkova@example-pharma.ru
12.04.2025;04.2025;Поволжье;Уфа;Аптечная сеть;Аптека Здравница;Респираторные;Респиролан;51;1890;4,9;91667;0;Лебедев Павел Александрович;+7 988 583-46-95;p.lebedev@example-pharma.ru
14.04.2025;04.2025;Поволжье;Нижний Новгород;Госпитальный сегмент;Региональный онкоцентр;Онкология;Онкотрел;38;38900;10,8;1318554;0;Никитина Елена Ивановна;+7 934 832-15-66;e.nikitina@example-pharma.ru
14.04.2025;04.2025;Сибирь;Омск;Аптечная сеть;Аптека Здравница;Кардиология;Кардистан;130;2150;6,5;261333;0;Никитин Артём Николаевич;+7 959 372-29-12;a.nikitin@example-pharma.ru
15.04.2025;04.2025;Сибирь;Новосибирск;Госпитальный сегмент;Городская больница № 12;Кардиология;Тензолар;148;980;12,5;126910;0;Никитин Артём Николаевич;+7 959 372-29-12;a.nikitin@example-pharma.ru
17.04.2025;04.2025;Москва;Москва;Дистрибьютор;Сибирский фармсклад;Ветеринария;Ветапрол;330;1450;8,8;436392;0;Орлова Ирина Сергеевна;+7 955 393-99-18;i.orlova@example-pharma.ru
17.04.2025;04.2025;Урал;Екатеринбург;Онлайн-аптека;е-Аптека;Кардиология;Тензолар;109;980;6,7;99663;0;Егорова Наталья Викторовна;+7 927 285-25-54;n.egorova@example-pharma.ru
18.04.2025;04.2025;Поволжье;Уфа;Аптечная сеть;Аптека у дома;Респираторные;Пульмостат;38;1240;7,2;43727;0;Никитина Елена Ивановна;+7 934 832-15-66;e.nikitina@example-pharma.ru
20.04.2025;04.2025;Дальний Восток;Хабаровск;Аптечная сеть;Городская аптека 24;Респираторные;Респиролан;152;1890;7,1;266883;0;Егоров Александр Андреевич;+7 954 214-78-51;a.egorov@example-pharma.ru
21.04.2025;04.2025;Москва;Москва;Аптечная сеть;Аптека у дома;Респираторные;Пульмостат;76;1240;7,6;87078;0;Кузнецов Андрей Сергеевич;+7 915 988-30-58;a.kuznetsov@example-pharma.ru
21.04.2025;04.2025;Санкт-Петербург;Санкт-Петербург;Госпитальный сегмент;Региональный онкоцентр;Безрецептурные;Гастролюкс;233;620;10,2;129725;0;Волкова Елена Ивановна;+7 992 872-64-46;e.volkova@example-pharma.ru
22.04.2025;04.2025;Дальний Восток;Владивосток;Госпитальный сегмент;Региональный онкоцентр;Онкология;Онкотрел;16;38900;12,4;545222;0;Егоров Александр Андреевич;+7 954 214-78-51;a.egorov@example-pharma.ru
22.04.2025;04.2025;Урал;Челябинск;Онлайн-аптека;АптекаМаркет;Диабет;Инсулакс;53;4320;3,4;221175;0;Егорова Наталья Викторовна;+7 927 285-25-54;n.egorova@example-pharma.ru
22.04.2025;04.2025;Юг;Краснодар;Аптечная сеть;Аптека Здравница;Респираторные;Пульмостат;73;1240;7,0;84184;0;Новикова Елена Андреевна;+7 950 491-11-10;e.novikova@example-pharma.ru
23.04.2025;04.2025;Москва;Москва;Госпитальный сегмент;Региональный онкоцентр;Безрецептурные;Дормивит;233;540;12,0;110722;0;Орлова Ирина Сергеевна;+7 955 393-99-18;i.orlova@example-pharma.ru
24.04.2025;04.2025;Москва;Москва;Аптечная сеть;Городская аптека 24;Респираторные;Респиролан;120;1890;7,5;209790;0;Кузнецов Андрей Сергеевич;+7 915 988-30-58;a.kuznetsov@example-pharma.ru
25.04.2025;04.2025;Юг;Ростов-на-Дону;Онлайн-аптека;АптекаМаркет;Диабет;Инсулакс;107;4320;3,4;446524;0;Новикова Елена Андреевна;+7 950 491-11-10;e.novikova@example-pharma.ru
01.05.2025;05.2025;Дальний Восток;Хабаровск;Дистрибьютор;РосФарм Дистрибьюшн;Кардиология;Кардистан;683;2150;7,0;1365658;99;Егоров Александр Андреевич;+7 954 214-78-51;a.egorov@example-pharma.ru
01.05.2025;05.2025;Центр;Рязань;Госпитальный сегмент;Городская больница № 12;Безрецептурные;Гастролюкс;352;620;10,3;195761;3;Волкова Дарья Викторовна;+7 981 683-85-73;d.volkova@example-pharma.ru
02.05.2025;05.2025;Поволжье;Нижний Новгород;Ветеринарная клиника;Зооклиника Друг;Ветеринария;Флеастоп;32;1120;7,1;33295;0;Никитина Елена Ивановна;+7 934 832-15-66;e.nikitina@example-pharma.ru
02.05.2025;05.2025;Санкт-Петербург;Санкт-Петербург;Аптечная сеть;ФармаПлюс;Респираторные;Респиролан;75;1890;4,3;135655;0;Борисов Роман Андреевич;+7 914 981-86-65;r.borisov@example-pharma.ru
02.05.2025;05.2025;Санкт-Петербург;Санкт-Петербург;Дистрибьютор;Сибирский фармсклад;Кардиология;Кардистан;813;2150;7,2;1622098;128;Борисов Роман Андреевич;+7 914 981-86-65;r.borisov@example-pharma.ru
03.05.2025;05.2025;Сибирь;Новосибирск;Аптечная сеть;Аптека Здравница;Кардиология;Кардистан;107;2150;5,9;216477;13;Никитин Артём Николаевич;+7 959 372-29-12;a.nikitin@example-pharma.ru
06.05.2025;05.2025;Дальний Восток;Владивосток;Ветеринарная клиника;Зооклиника Друг;Ветеринария;Ветапрол;57;1450;4,1;79261;0;Егоров Александр Андреевич;+7 954 214-78-51;a.egorov@example-pharma.ru
06.05.2025;05.2025;Поволжье;Казань;Госпитальный сегмент;Городская больница № 12;Онкология;Онкотрел;34;38900;14,0;1137436;0;Лебедев Павел Александрович;+7 988 583-46-95;p.lebedev@example-pharma.ru
07.05.2025;05.2025;Центр;Воронеж;Дистрибьютор;Фарма-Логистик;Респираторные;Пульмостат;222;1240;19,4;221876;0;Морозова Марина Александровна;+7 996 241-77-51;m.morozova@example-pharma.ru
08.05.2025;05.2025;Москва;Москва;Госпитальный сегмент;Городская больница № 12;Безрецептурные;Гастролюкс;238;620;14,8;125721;0;Орлова Ирина Сергеевна;+7 955 393-99-18;i.orlova@example-pharma.ru
09.05.2025;05.2025;Юг;Волгоград;Дистрибьютор;Фарма-Логистик;Кардиология;Кардистан;658;2150;19,0;1145907;7;Новикова Елена Андреевна;+7 950 491-11-10;e.novikova@example-pharma.ru
10.05.2025;05.2025;Санкт-Петербург;Санкт-Петербург;Онлайн-аптека;е-Аптека;Кардиология;Тензолар;100;980;5,0;93100;0;Борисов Роман Андреевич;+7 914 981-86-65;r.borisov@example-pharma.ru
10.05.2025;05.2025;Урал;Пермь;Онлайн-аптека;АптекаМаркет;Кардиология;Кардистан;34;2150;4,6;69737;5;Егорова Наталья Викторовна;+7 927 285-25-54;n.egorova@example-pharma.ru
12.05.2025;05.2025;Москва;Москва;Дистрибьютор;Фарма-Логистик;Респираторные;Пульмостат;284;1240;19,5;283489;0;Орлова Ирина Сергеевна;+7 955 393-99-18;i.orlova@example-pharma.ru
12.05.2025;05.2025;Сибирь;Новосибирск;Онлайн-аптека;е-Аптека;Диабет;Глюкорин;23;2680;6,7;57510;0;Никитин Артём Николаевич;+7 959 372-29-12;a.nikitin@example-pharma.ru
13.05.2025;05.2025;Дальний Восток;Владивосток;Аптечная сеть;ФармаПлюс;Диабет;Инсулакс;164;4320;4,3;678015;0;Егоров Александр Андреевич;+7 954 214-78-51;a.egorov@example-pharma.ru
13.05.2025;05.2025;Поволжье;Самара;Дистрибьютор;Фарма-Логистик;Кардиология;Кардистан;551;2150;20,3;944166;75;Никитина Елена Ивановна;+7 934 832-15-66;e.nikitina@example-pharma.ru
13.05.2025;05.2025;Сибирь;Омск;Аптечная сеть;Зелёная аптека;Диабет;Глюкорин;179;2680;5,7;452376;0;Никитин Артём Николаевич;+7 959 372-29-12;a.nikitin@example-pharma.ru
14.05.2025;05.2025;Урал;Пермь;Аптечная сеть;Аптека Здравница;Диабет;Глюкорин;150;2680;6,8;374664;0;Егорова Наталья Викторовна;+7 927 285-25-54;n.egorova@example-pharma.ru
14.05.2025;05.2025;Центр;Тула;Аптечная сеть;Аптека Здравница;Кардиология;Тензолар;174;980;5,4;161312;0;Волкова Дарья Викторовна;+7 981 683-85-73;d.volkova@example-pharma.ru
17.05.2025;05.2025;Сибирь;Новосибирск;Онлайн-аптека;е-Аптека;Диабет;Инсулакс;76;4320;5,7;309606;0;Никитин Артём Николаевич;+7 959 372-29-12;a.nikitin@example-pharma.ru
17.05.2025;05.2025;Сибирь;Новосибирск;Госпитальный сегмент;Городская больница № 12;Онкология;Онкотрел;34;38900;14,8;1126855;0;Никитин Артём Николаевич;+7 959 372-29-12;a.nikitin@example-pharma.ru
18.05.2025;05.2025;Москва;Москва;Ветеринарная клиника;Ветаптека Барбос;Ветеринария;Флеастоп;31;1120;8,0;31942;0;Кузнецов Андрей Сергеевич;+7 915 988-30-58;a.kuznetsov@example-pharma.ru
19.05.2025;05.2025;Санкт-Петербург;Санкт-Петербург;Дистрибьютор;Фарма-Логистик;Онкология;Онкотрел;53;38900;19,9;1651422;0;Борисов Роман Андреевич;+7 914 981-86-65;r.borisov@example-pharma.ru
21.05.2025;05.2025;Москва;Москва;Дистрибьютор;РосФарм Дистрибьюшн;Безрецептурные;Гастролюкс;521;620;5,9;303962;0;Кузнецов Андрей Сергеевич;+7 915 988-30-58;a.kuznetsov@example-pharma.ru
21.05.2025;05.2025;Поволжье;Уфа;Госпитальный сегмент;Кардиологический диспансер;Кардиология;Кардистан;361;2150;12,4;679907;0;Лебедев Павел Александрович;+7 988 583-46-95;p.lebedev@example-pharma.ru
21.05.2025;05.2025;Урал;Пермь;Аптечная сеть;Городская аптека 24;Кардиология;Кардистан;101;2150;4,3;207813;0;Егорова Наталья Викторовна;+7 927 285-25-54;n.egorova@example-pharma.ru
22.05.2025;05.2025;Москва;Москва;Онлайн-аптека;АптекаМаркет;Респираторные;Респиролан;66;1890;5,4;118004;0;Орлова Ирина Сергеевна;+7 955 393-99-18;i.orlova@example-pharma.ru
23.05.2025;05.2025;Урал;Пермь;Онлайн-аптека;АптекаМаркет;Кардиология;Кардистан;65;2150;6,5;130666;9;Егорова Наталья Викторовна;+7 927 285-25-54;n.egorova@example-pharma.ru
25.05.2025;05.2025;Поволжье;Самара;Дистрибьютор;Сибирский фармсклад;Кардиология;Кардистан;791;2150;7,2;1578203;6;Лебедев Павел Александрович;+7 988 583-46-95;p.lebedev@example-pharma.ru
26.05.2025;05.2025;Урал;Екатеринбург;Аптечная сеть;ФармаПлюс;Безрецептурные;Дормивит;42;540;4,1;21750;0;Егорова Наталья Викторовна;+7 927 285-25-54;n.egorova@example-pharma.ru
26.05.2025;05.2025;Центр;Ярославль;Аптечная сеть;Аптека Здравница;Безрецептурные;Гастролюкс;172;620;4,3;102054;0;Морозова Марина Александровна;+7 996 241-77-51;m.morozova@example-pharma.ru
27.05.2025;05.2025;Дальний Восток;Владивосток;Дистрибьютор;МедТрейд;Ветеринария;Ветапрол;546;1450;7,9;729156;0;Егоров Александр Андреевич;+7 954 214-78-51;a.egorov@example-pharma.ru
27.05.2025;05.2025;Юг;Краснодар;Аптечная сеть;ФармаПлюс;Респираторные;Пульмостат;80;1240;7,8;91462;0;Новикова Елена Андреевна;+7 950 491-11-10;e.novikova@example-pharma.ru
28.05.2025;05.2025;Москва;Москва;Госпитальный сегмент;Региональный онкоцентр;Респираторные;Респиролан;291;1890;12,3;482341;2;Орлова Ирина Сергеевна;+7 955 393-99-18;i.orlova@example-pharma.ru
28.05.2025;05.2025;Урал;Екатеринбург;Дистрибьютор;Сибирский фармсклад;Безрецептурные;Гастролюкс;292;620;8,0;166557;0;Егорова Наталья Викторовна;+7 927 285-25-54;n.egorova@example-pharma.ru
01.06.2025;06.2025;Поволжье;Нижний Новгород;Дистрибьютор;МедТрейд;Онкология;Онкотрел;32;38900;7,3;1153930;0;Никитина Елена Ивановна;+7 934 832-15-66;e.nikitina@example-pharma.ru
03.06.2025;06.2025;Москва;Москва;Аптечная сеть;Городская аптека 24;Респираторные;Пульмостат;48;1240;7,3;55175;0;Орлова Ирина Сергеевна;+7 955 393-99-18;i.orlova@example-pharma.ru
03.06.2025;06.2025;Москва;Москва;Дистрибьютор;МедТрейд;Кардиология;Тензолар;255;980;6,6;233407;0;Кузнецов Андрей Сергеевич;+7 915 988-30-58;a.kuznetsov@example-pharma.ru
03.06.2025;06.2025;Центр;Рязань;Госпитальный сегмент;Кардиологический диспансер;Кардиология;Тензолар;158;980;14,2;132853;0;Волкова Дарья Викторовна;+7 981 683-85-73;d.volkova@example-pharma.ru
03.06.2025;06.2025;Юг;Волгоград;Дистрибьютор;Сибирский фармсклад;Кардиология;Кардистан;792;2150;8,2;1563170;0;Новикова Елена Андреевна;+7 950 491-11-10;e.novikova@example-pharma.ru
05.06.2025;06.2025;Санкт-Петербург;Санкт-Петербург;Онлайн-аптека;АптекаМаркет;Диабет;Глюкорин;58;2680;4,9;147823;0;Волкова Елена Ивановна;+7 992 872-64-46;e.volkova@example-pharma.ru
05.06.2025;06.2025;Центр;Воронеж;Аптечная сеть;Аптека Здравница;Респираторные;Пульмостат;74;1240;7,7;84694;0;Волкова Дарья Викторовна;+7 981 683-85-73;d.volkova@example-pharma.ru
07.06.2025;06.2025;Дальний Восток;Хабаровск;Онлайн-аптека;е-Аптека;Безрецептурные;Гастролюкс;95;620;5,8;55484;0;Егоров Александр Андреевич;+7 954 214-78-51;a.egorov@example-pharma.ru
07.06.2025;06.2025;Сибирь;Красноярск;Онлайн-аптека;е-Аптека;Безрецептурные;Гастролюкс;61;620;5,1;35891;0;Никитин Артём Николаевич;+7 959 372-29-12;a.nikitin@example-pharma.ru
08.06.2025;06.2025;Урал;Екатеринбург;Ветеринарная клиника;Ветаптека Барбос;Ветеринария;Ветапрол;33;1450;5,8;45075;0;Егорова Наталья Викторовна;+7 927 285-25-54;n.egorova@example-pharma.ru
08.06.2025;06.2025;Урал;Челябинск;Ветеринарная клиника;ВетСити;Ветеринария;Флеастоп;56;1120;4,3;60023;0;Егорова Наталья Викторовна;+7 927 285-25-54;n.egorova@example-pharma.ru
10.06.2025;06.2025;Москва;Москва;Онлайн-аптека;АптекаМаркет;Респираторные;Респиролан;60;1890;5,5;107163;0;Кузнецов Андрей Сергеевич;+7 915 988-30-58;a.kuznetsov@example-pharma.ru
10.06.2025;06.2025;Москва;Москва;Дистрибьютор;Фарма-Логистик;Безрецептурные;Гастролюкс;294;620;19,3;147100;0;Орлова Ирина Сергеевна;+7 955 393-99-18;i.orlova@example-pharma.ru
10.06.2025;06.2025;Сибирь;Красноярск;Онлайн-аптека;е-Аптека;Респираторные;Пульмостат;26;1240;6,5;30144;0;Никитин Артём Николаевич;+7 959 372-29-12;a.nikitin@example-pharma.ru
11.06.2025;06.2025;Сибирь;Новосибирск;Госпитальный сегмент;Областная клиническая больница;Диабет;Глюкорин;126;2680;13,6;291756;0;Никитин Артём Николаевич;+7 959 372-29-12;a.nikitin@example-pharma.ru
13.06.2025;06.2025;Сибирь;Красноярск;Ветеринарная клиника;Ветаптека Барбос;Ветеринария;Флеастоп;19;1120;6,9;19812;0;Никитин Артём Николаевич;+7 959 372-29-12;a.nikitin@example-pharma.ru
13.06.2025;06.2025;Урал;Пермь;Аптечная сеть;ФармаПлюс;Кардиология;Кардистан;43;2150;4,2;88567;0;Егорова Наталья Викторовна;+7 927 285-25-54;n.egorova@example-pharma.ru
15.06.2025;06.2025;Центр;Воронеж;Дистрибьютор;Сибирский фармсклад;Безрецептурные;Дормивит;688;540;6,0;349229;0;Морозова Марина Александровна;+7 996 241-77-51;m.morozova@example-pharma.ru
16.06.2025;06.2025;Москва;Москва;Дистрибьютор;Сибирский фармсклад;Диабет;Инсулакс;841;4320;5,9;3418766;0;Орлова Ирина Сергеевна;+7 955 393-99-18;i.orlova@example-pharma.ru
16.06.2025;06.2025;Москва;Москва;Аптечная сеть;Аптека у дома;Безрецептурные;Гастролюкс;167;620;6,4;96913;0;Кузнецов Андрей Сергеевич;+7 915 988-30-58;a.kuznetsov@example-pharma.ru
16.06.2025;06.2025;Поволжье;Самара;Ветеринарная клиника;Зооклиника Друг;Ветеринария;Флеастоп;58;1120;7,5;60088;0;Лебедев Павел Александрович;+7 988 583-46-95;p.lebedev@example-pharma.ru
17.06.2025;06.2025;Дальний Восток;Владивосток;Аптечная сеть;Аптека Здравница;Диабет;Глюкорин;40;2680;5,6;101197;0;Егоров Александр Андреевич;+7 954 214-78-51;a.egorov@example-pharma.ru
21.06.2025;06.2025;Москва;Москва;Дистрибьютор;Фарма-Логистик;Респираторные;Пульмостат;449;1240;21,9;434830;0;Кузнецов Андрей Сергеевич;+7 915 988-30-58;a.kuznetsov@example-pharma.ru
24.06.2025;06.2025;Санкт-Петербург;Санкт-Петербург;Дистрибьютор;РосФарм Дистрибьюшн;Диабет;Инсулакс;327;4320;8,2;1296804;0;Борисов Роман Андреевич;+7 914 981-86-65;r.borisov@example-pharma.ru
24.06.2025;06.2025;Урал;Пермь;Госпитальный сегмент;Кардиологический диспансер;Онкология;Онкотрел;10;38900;14,6;332206;0;Егорова Наталья Викторовна;+7 927 285-25-54;n.egorova@example-pharma.ru
25.06.2025;06.2025;Дальний Восток;Хабаровск;Госпитальный сегмент;Кардиологический диспансер;Кардиология;Кардистан;185;2150;11,7;351213;0;Егоров Александр Андреевич;+7 954 214-78-51;a.egorov@example-pharma.ru
25.06.2025;06.2025;Москва;Москва;Онлайн-аптека;е-Аптека;Респираторные;Респиролан;68;1890;3,4;124150;0;Кузнецов Андрей Сергеевич;+7 915 988-30-58;a.kuznetsov@example-pharma.ru
25.06.2025;06.2025;Центр;Тула;Госпитальный сегмент;Городская больница № 12;Безрецептурные;Дормивит;373;540;11,2;178861;0;Морозова Марина Александровна;+7 996 241-77-51;m.morozova@example-pharma.ru
26.06.2025;06.2025;Дальний Восток;Хабаровск;Аптечная сеть;Аптека Здравница;Кардиология;Кардистан;129;2150;4,7;264315;0;Егоров Александр Андреевич;+7 954 214-78-51;a.egorov@example-pharma.ru
27.06.2025;06.2025;Юг;Краснодар;Госпитальный сегмент;Кардиологический диспансер;Онкология;Онкотрел;13;38900;10,6;452096;0;Новикова Елена Андреевна;+7 950 491-11-10;e.novikova@example-pharma.ru
01.07.2025;07.2025;Москва;Москва;Ветеринарная клиника;Ветаптека Барбос;Ветеринария;Ветапрол;39;1450;4,1;54231;0;Кузнецов Андрей Сергеевич;+7 915 988-30-58;a.kuznetsov@example-pharma.ru
02.07.2025;07.2025;Центр;Рязань;Аптечная сеть;Аптека Здравница;Диабет;Глюкорин;162;2680;4,0;416794;0;Морозова Марина Александровна;+7 996 241-77-51;m.morozova@example-pharma.ru
03.07.2025;07.2025;Сибирь;Красноярск;Ветеринарная клиника;Ветаптека Барбос;Ветеринария;Флеастоп;27;1120;5,7;28516;0;Никитин Артём Николаевич;+7 959 372-29-12;a.nikitin@example-pharma.ru
03.07.2025;07.2025;Центр;Рязань;Госпитальный сегмент;Кардиологический диспансер;Кардиология;Тензолар;145;980;13,7;122632;0;Морозова Марина Александровна;+7 996 241-77-51;m.morozova@example-pharma.ru
04.07.2025;07.2025;Санкт-Петербург;Санкт-Петербург;Госпитальный сегмент;Областная клиническая больница;Безрецептурные;Дормивит;286;540;13,6;133436;0;Волкова Елена Ивановна;+7 992 872-64-46;e.volkova@example-pharma.ru
04.07.2025;07.2025;Центр;Тула;Дистрибьютор;МедТрейд;Диабет;Глюкорин;732;2680;5,9;1846016;0;Волкова Дарья Викторовна;+7 981 683-85-73;d.volkova@example-pharma.ru
06.07.2025;07.2025;Сибирь;Красноярск;Онлайн-аптека;е-Аптека;Респираторные;Респиролан;26;1890;4,2;47076;0;Никитин Артём Николаевич;+7 959 372-29-12;a.nikitin@example-pharma.ru
07.07.2025;07.2025;Центр;Ярославль;Аптечная сеть;Городская аптека 24;Респираторные;Респиролан;119;1890;8,0;206917;0;Морозова Марина Александровна;+7 996 241-77-51;m.morozova@example-pharma.ru
08.07.2025;07.2025;Москва;Москва;Госпитальный сегмент;Региональный онкоцентр;Респираторные;Пульмостат;157;1240;14,8;165867;0;Кузнецов Андрей Сергеевич;+7 915 988-30-58;a.kuznetsov@example-pharma.ru
08.07.2025;07.2025;Санкт-Петербург;Санкт-Петербург;Аптечная сеть;Городская аптека 24;Респираторные;Респиролан;86;1890;6,3;152300;0;Борисов Роман Андреевич;+7 914 981-86-65;r.borisov@example-pharma.ru
08.07.2025;07.2025;Санкт-Петербург;Санкт-Петербург;Аптечная сеть;Аптека Здравница;Безрецептурные;Гастролюкс;40;620;7,9;22841;0;Борисов Роман Андреевич;+7 914 981-86-65;r.borisov@example-pharma.ru
10.07.2025;07.2025;Сибирь;Красноярск;Госпитальный сегмент;Областная клиническая больница;Диабет;Глюкорин;156;2680;10,5;374182;0;Никитин Артём Николаевич;+7 959 372-29-12;a.nikitin@example-pharma.ru
10.07.2025;07.2025;Юг;Краснодар;Аптечная сеть;Зелёная аптека;Кардиология;Кардистан;176;2150;5,4;357966;0;Новикова Елена Андреевна;+7 950 491-11-10;e.novikova@example-pharma.ru
13.07.2025;07.2025;Дальний Восток;Хабаровск;Ветеринарная клиника;Ветаптека Барбос;Ветеринария;Флеастоп;54;1120;4,7;57637;0;Егоров Александр Андреевич;+7 954 214-78-51;a.egorov@example-pharma.ru
13.07.2025;07.2025;Москва;Москва;Онлайн-аптека;е-Аптека;Безрецептурные;Дормивит;87;540;4,7;44772;0;Кузнецов Андрей Сергеевич;+7 915 988-30-58;a.kuznetsov@example-pharma.ru
16.07.2025;07.2025;Поволжье;Нижний Новгород;Ветеринарная клиника;Зооклиника Друг;Ветеринария;Ветапрол;11;1450;7,6;14738;0;Лебедев Павел Александрович;+7 988 583-46-95;p.lebedev@example-pharma.ru
16.07.2025;07.2025;Урал;Челябинск;Онлайн-аптека;АптекаМаркет;Кардиология;Кардистан;38;2150;5,1;77533;0;Егорова Наталья Викторовна;+7 927 285-25-54;n.egorova@example-pharma.ru
17.07.2025;07.2025;Москва;Москва;Госпитальный сегмент;Областная клиническая больница;Кардиология;Кардистан;395;2150;13,3;736300;0;Орлова Ирина Сергеевна;+7 955 393-99-18;i.orlova@example-pharma.ru
17.07.2025;07.2025;Юг;Ростов-на-Дону;Онлайн-аптека;е-Аптека;Кардиология;Кардистан;107;2150;7,0;213946;0;Новикова Елена Андреевна;+7 950 491-11-10;e.novikova@example-pharma.ru
18.07.2025;07.2025;Поволжье;Уфа;Дистрибьютор;Сибирский фармсклад;Онкология;Онкотрел;84;38900;7,0;3038868;0;Лебедев Павел Александрович;+7 988 583-46-95;p.lebedev@example-pharma.ru
18.07.2025;07.2025;Урал;Челябинск;Госпитальный сегмент;Кардиологический диспансер;Кардиология;Тензолар;130;980;11,2;113131;0;Егорова Наталья Викторовна;+7 927 285-25-54;n.egorova@example-pharma.ru
19.07.2025;07.2025;Москва;Москва;Госпитальный сегмент;Городская больница № 12;Безрецептурные;Дормивит;226;540;11,2;108372;0;Кузнецов Андрей Сергеевич;+7 915 988-30-58;a.kuznetsov@example-pharma.ru
19.07.2025;07.2025;Сибирь;Новосибирск;Дистрибьютор;РосФарм Дистрибьюшн;Онкология;Онкотрел;81;38900;6,6;2942941;0;Никитин Артём Николаевич;+7 959 372-29-12;a.nikitin@example-pharma.ru
20.07.2025;07.2025;Санкт-Петербург;Санкт-Петербург;Дистрибьютор;Сибирский фармсклад;Безрецептурные;Гастролюкс;761;620;5,2;447285;0;Борисов Роман Андреевич;+7 914 981-86-65;r.borisov@example-pharma.ru
21.07.2025;07.2025;Сибирь;Омск;Дистрибьютор;МедТрейд;Респираторные;Респиролан;239;1890;6,9;420542;0;Никитин Артём Николаевич;+7 959 372-29-12;a.nikitin@example-pharma.ru
22.07.2025;07.2025;Москва;Москва;Дистрибьютор;Сибирский фармсклад;Респираторные;Пульмостат;259;1240;5,4;303817;0;Орлова Ирина Сергеевна;+7 955 393-99-18;i.orlova@example-pharma.ru
22.07.2025;07.2025;Санкт-Петербург;Санкт-Петербург;Аптечная сеть;Аптека у дома;Диабет;Глюкорин;103;2680;4,0;264998;0;Борисов Роман Андреевич;+7 914 981-86-65;r.borisov@example-pharma.ru
23.07.2025;07.2025;Москва;Москва;Госпитальный сегмент;Региональный онкоцентр;Онкология;Онкотрел;37;38900;12,0;1266584;0;Кузнецов Андрей Сергеевич;+7 915 988-30-58;a.kuznetsov@example-pharma.ru
25.07.2025;07.2025;Москва;Москва;Дистрибьютор;Фарма-Логистик;Диабет;Инсулакс;243;4320;19,0;850306;0;Кузнецов Андрей Сергеевич;+7 915 988-30-58;a.kuznetsov@example-pharma.ru
26.07.2025;07.2025;Центр;Воронеж;Дистрибьютор;РосФарм Дистрибьюшн;Безрецептурные;Дормивит;656;540;8,3;324838;0;Морозова Марина Александровна;+7 996 241-77-51;m.morozova@example-pharma.ru
03.08.2025;08.2025;Москва;Москва;Аптечная сеть;Аптека у дома;Кардиология;Кардистан;123;2150;4,8;251756;0;Кузнецов Андрей Сергеевич;+7 915 988-30-58;a.kuznetsov@example-pharma.ru
03.08.2025;08.2025;Москва;Москва;Аптечная сеть;Аптека у дома;Безрецептурные;Гастролюкс;127;620;4,7;75039;0;Кузнецов Андрей Сергеевич;+7 915 988-30-58;a.kuznetsov@example-pharma.ru
03.08.2025;08.2025;Санкт-Петербург;Санкт-Петербург;Ветеринарная клиника;Зооклиника Друг;Ветеринария;Ветапрол;38;1450;7,6;50912;0;Борисов Роман Андреевич;+7 914 981-86-65;r.borisov@example-pharma.ru
03.08.2025;08.2025;Сибирь;Новосибирск;Аптечная сеть;Городская аптека 24;Респираторные;Пульмостат;38;1240;7,4;43633;0;Никитин Артём Николаевич;+7 959 372-29-12;a.nikitin@example-pharma.ru
03.08.2025;08.2025;Юг;Краснодар;Дистрибьютор;МедТрейд;Безрецептурные;Гастролюкс;298;620;6,4;172935;0;Новикова Елена Андреевна;+7 950 491-11-10;e.novikova@example-pharma.ru
04.08.2025;08.2025;Урал;Челябинск;Госпитальный сегмент;Городская больница № 12;Респираторные;Пульмостат;111;1240;14,8;117269;1;Егорова Наталья Викторовна;+7 927 285-25-54;n.egorova@example-pharma.ru
04.08.2025;08.2025;Урал;Екатеринбург;Дистрибьютор;РосФарм Дистрибьюшн;Безрецептурные;Гастролюкс;515;620;5,5;301738;0;Егорова Наталья Викторовна;+7 927 285-25-54;n.egorova@example-pharma.ru
04.08.2025;08.2025;Центр;Воронеж;Госпитальный сегмент;Кардиологический диспансер;Безрецептурные;Гастролюкс;367;620;12,3;199553;0;Морозова Марина Александровна;+7 996 241-77-51;m.morozova@example-pharma.ru
06.08.2025;08.2025;Москва;Москва;Ветеринарная клиника;ВетСити;Ветеринария;Флеастоп;46;1120;4,7;49099;0;Орлова Ирина Сергеевна;+7 955 393-99-18;i.orlova@example-pharma.ru
09.08.2025;08.2025;Урал;Екатеринбург;Аптечная сеть;ФармаПлюс;Кардиология;Тензолар;90;980;5,9;82996;0;Егорова Наталья Викторовна;+7 927 285-25-54;n.egorova@example-pharma.ru
14.08.2025;08.2025;Москва;Москва;Аптечная сеть;Аптека у дома;Диабет;Инсулакс;90;4320;6,8;362362;0;Орлова Ирина Сергеевна;+7 955 393-99-18;i.orlova@example-pharma.ru
14.08.2025;08.2025;Урал;Челябинск;Аптечная сеть;Городская аптека 24;Кардиология;Кардистан;136;2150;6,2;274271;0;Егорова Наталья Викторовна;+7 927 285-25-54;n.egorova@example-pharma.ru
15.08.2025;08.2025;Москва;Москва;Онлайн-аптека;е-Аптека;Диабет;Глюкорин;115;2680;3,4;297721;0;Орлова Ирина Сергеевна;+7 955 393-99-18;i.orlova@example-pharma.ru
15.08.2025;08.2025;Центр;Рязань;Госпитальный сегмент;Областная клиническая больница;Онкология;Онкотрел;23;38900;13,4;774810;0;Волкова Дарья Викторовна;+7 981 683-85-73;d.volkova@example-pharma.ru
16.08.2025;08.2025;Дальний Восток;Хабаровск;Онлайн-аптека;е-Аптека;Респираторные;Респиролан;21;1890;6,3;37190;0;Егоров Александр Андреевич;+7 954 214-78-51;a.egorov@example-pharma.ru
16.08.2025;08.2025;Москва;Москва;Онлайн-аптека;е-Аптека;Кардиология;Кардистан;90;2150;4,7;184406;0;Кузнецов Андрей Сергеевич;+7 915 988-30-58;a.kuznetsov@example-pharma.ru
16.08.2025;08.2025;Сибирь;Новосибирск;Госпитальный сегмент;Городская больница № 12;Онкология;Онкотрел;32;38900;10,5;1114096;0;Никитин Артём Николаевич;+7 959 372-29-12;a.nikitin@example-pharma.ru
17.08.2025;08.2025;Санкт-Петербург;Санкт-Петербург;Госпитальный сегмент;Областная клиническая больница;Диабет;Глюкорин;299;2680;13,9;689937;0;Волкова Елена Ивановна;+7 992 872-64-46;e.volkova@example-pharma.ru
20.08.2025;08.2025;Урал;Екатеринбург;Онлайн-аптека;е-Аптека;Респираторные;Респиролан;42;1890;6,6;74141;0;Егорова Наталья Викторовна;+7 927 285-25-54;n.egorova@example-pharma.ru
21.08.2025;08.2025;Санкт-Петербург;Санкт-Петербург;Госпитальный сегмент;Областная клиническая больница;Онкология;Онкотрел;18;38900;13,8;603572;0;Борисов Роман Андреевич;+7 914 981-86-65;r.borisov@example-pharma.ru
22.08.2025;08.2025;Дальний Восток;Хабаровск;Аптечная сеть;Аптека Здравница;Кардиология;Кардистан;74;2150;7,1;147804;0;Егоров Александр Андреевич;+7 954 214-78-51;a.egorov@example-pharma.ru
22.08.2025;08.2025;Сибирь;Омск;Дистрибьютор;МедТрейд;Кардиология;Кардистан;292;2150;8,1;576948;0;Никитин Артём Николаевич;+7 959 372-29-12;a.nikitin@example-pharma.ru
22.08.2025;08.2025;Урал;Челябинск;Аптечная сеть;Зелёная аптека;Безрецептурные;Дормивит;47;540;6,6;23705;0;Егорова Наталья Викторовна;+7 927 285-25-54;n.egorova@example-pharma.ru
23.08.2025;08.2025;Поволжье;Самара;Ветеринарная клиника;Зооклиника Друг;Ветеринария;Флеастоп;16;1120;6,3;16791;0;Лебедев Павел Александрович;+7 988 583-46-95;p.lebedev@example-pharma.ru
23.08.2025;08.2025;Сибирь;Красноярск;Аптечная сеть;Зелёная аптека;Респираторные;Респиролан;106;1890;6,7;186917;0;Никитин Артём Николаевич;+7 959 372-29-12;a.nikitin@example-pharma.ru
25.08.2025;08.2025;Санкт-Петербург;Санкт-Петербург;Госпитальный сегмент;Региональный онкоцентр;Безрецептурные;Дормивит;348;540;10,1;168940;0;Борисов Роман Андреевич;+7 914 981-86-65;r.borisov@example-pharma.ru
26.08.2025;08.2025;Поволжье;Нижний Новгород;Аптечная сеть;ФармаПлюс;Диабет;Глюкорин;97;2680;6,1;244102;0;Лебедев Павел Александрович;+7 988 583-46-95;p.lebedev@example-pharma.ru
26.08.2025;08.2025;Урал;Челябинск;Аптечная сеть;Городская аптека 24;Диабет;Инсулакс;59;4320;7,5;235764;0;Егорова Наталья Викторовна;+7 927 285-25-54;n.egorova@example-pharma.ru
27.08.2025;08.2025;Сибирь;Новосибирск;Ветеринарная клиника;Зооклиника Друг;Ветеринария;Флеастоп;31;1120;4,5;33158;0;Никитин Артём Николаевич;+7 959 372-29-12;a.nikitin@example-pharma.ru
28.08.2025;08.2025;Дальний Восток;Владивосток;Аптечная сеть;Аптека Здравница;Респираторные;Респиролан;106;1890;5,7;188921;0;Егоров Александр Андреевич;+7 954 214-78-51;a.egorov@example-pharma.ru
01.09.2025;09.2025;Москва;Москва;Ветеринарная клиника;Зооклиника Друг;Ветеринария;Ветапрол;20;1450;6,9;26999;0;Орлова Ирина Сергеевна;+7 955 393-99-18;i.orlova@example-pharma.ru
01.09.2025;09.2025;Москва;Москва;Ветеринарная клиника;ВетСити;Ветеринария;Флеастоп;10;1120;4,1;10741;0;Кузнецов Андрей Сергеевич;+7 915 988-30-58;a.kuznetsov@example-pharma.ru
01.09.2025;09.2025;Центр;Рязань;Госпитальный сегмент;Областная клиническая больница;Безрецептурные;Дормивит;149;540;12,7;70242;1;Морозова Марина Александровна;+7 996 241-77-51;m.morozova@example-pharma.ru
01.09.2025;09.2025;Центр;Ярославль;Дистрибьютор;Сибирский фармсклад;Безрецептурные;Гастролюкс;489;620;5,5;286505;0;Волкова Дарья Викторовна;+7 981 683-85-73;d.volkova@example-pharma.ru
06.09.2025;09.2025;Санкт-Петербург;Санкт-Петербург;Аптечная сеть;Аптека у дома;Кардиология;Кардистан;99;2150;7,9;196035;0;Волкова Елена Ивановна;+7 992 872-64-46;e.volkova@example-pharma.ru
07.09.2025;09.2025;Дальний Восток;Хабаровск;Аптечная сеть;Аптека Здравница;Респираторные;Пульмостат;115;1240;4,0;136896;0;Егоров Александр Андреевич;+7 954 214-78-51;a.egorov@example-pharma.ru
07.09.2025;09.2025;Урал;Челябинск;Госпитальный сегмент;Кардиологический диспансер;Респираторные;Респиролан;320;1890;14,6;516499;0;Егорова Наталья Викторовна;+7 927 285-25-54;n.egorova@example-pharma.ru
09.09.2025;09.2025;Урал;Екатеринбург;Дистрибьютор;Сибирский фармсклад;Кардиология;Тензолар;713;980;7,1;649129;0;Егорова Наталья Викторовна;+7 927 285-25-54;n.egorova@example-pharma.ru
11.09.2025;09.2025;Москва;Москва;Аптечная сеть;Зелёная аптека;Диабет;Инсулакс;41;4320;5,8;166847;0;Орлова Ирина Сергеевна;+7 955 393-99-18;i.orlova@example-pharma.ru
11.09.2025;09.2025;Москва;Москва;Онлайн-аптека;е-Аптека;Безрецептурные;Дормивит;76;540;3,1;39768;0;Кузнецов Андрей Сергеевич;+7 915 988-30-58;a.kuznetsov@example-pharma.ru
13.09.2025;09.2025;Дальний Восток;Хабаровск;Онлайн-аптека;АптекаМаркет;Безрецептурные;Гастролюкс;69;620;5,4;40470;0;Егоров Александр Андреевич;+7 954 214-78-51;a.egorov@example-pharma.ru
13.09.2025;09.2025;Поволжье;Уфа;Госпитальный сегмент;Областная клиническая больница;Диабет;Глюкорин;174;2680;14,0;401035;0;Лебедев Павел Александрович;+7 988 583-46-95;p.lebedev@example-pharma.ru
13.09.2025;09.2025;Сибирь;Омск;Аптечная сеть;Городская аптека 24;Безрецептурные;Гастролюкс;85;620;7,8;48589;0;Никитин Артём Николаевич;+7 959 372-29-12;a.nikitin@example-pharma.ru
13.09.2025;09.2025;Юг;Волгоград;Онлайн-аптека;АптекаМаркет;Респираторные;Респиролан;89;1890;5,0;159800;0;Новикова Елена Андреевна;+7 950 491-11-10;e.novikova@example-pharma.ru
13.09.2025;09.2025;Юг;Ростов-на-Дону;Онлайн-аптека;АптекаМаркет;Кардиология;Кардистан;51;2150;5,6;103510;0;Новикова Елена Андреевна;+7 950 491-11-10;e.novikova@example-pharma.ru
14.09.2025;09.2025;Москва;Москва;Госпитальный сегмент;Кардиологический диспансер;Онкология;Онкотрел;29;38900;12,5;987088;0;Орлова Ирина Сергеевна;+7 955 393-99-18;i.orlova@example-pharma.ru
14.09.2025;09.2025;Поволжье;Уфа;Ветеринарная клиника;Зооклиника Друг;Ветеринария;Ветапрол;32;1450;4,5;44312;0;Лебедев Павел Александрович;+7 988 583-46-95;p.lebedev@example-pharma.ru
15.09.2025;09.2025;Урал;Екатеринбург;Дистрибьютор;МедТрейд;Безрецептурные;Гастролюкс;243;620;8,1;138457;0;Егорова Наталья Викторовна;+7 927 285-25-54;n.egorova@example-pharma.ru
17.09.2025;09.2025;Москва;Москва;Ветеринарная клиника;Зооклиника Друг;Ветеринария;Флеастоп;55;1120;6,1;57842;0;Орлова Ирина Сергеевна;+7 955 393-99-18;i.orlova@example-pharma.ru
20.09.2025;09.2025;Поволжье;Казань;Онлайн-аптека;АптекаМаркет;Кардиология;Тензолар;59;980;6,6;54004;0;Никитина Елена Ивановна;+7 934 832-15-66;e.nikitina@example-pharma.ru
20.09.2025;09.2025;Центр;Ярославль;Госпитальный сегмент;Областная клиническая больница;Диабет;Инсулакс;125;4320;11,8;476280;0;Морозова Марина Александровна;+7 996 241-77-51;m.morozova@example-pharma.ru
20.09.2025;09.2025;Юг;Волгоград;Госпитальный сегмент;Кардиологический диспансер;Респираторные;Пульмостат;130;1240;14,4;137987;0;Новикова Елена Андреевна;+7 950 491-11-10;e.novikova@example-pharma.ru
23.09.2025;09.2025;Москва;Москва;Госпитальный сегмент;Областная клиническая больница;Онкология;Онкотрел;16;38900;10,3;558293;0;Кузнецов Андрей Сергеевич;+7 915 988-30-58;a.kuznetsov@example-pharma.ru
23.09.2025;09.2025;Санкт-Петербург;Санкт-Петербург;Госпитальный сегмент;Городская больница № 12;Респираторные;Пульмостат;311;1240;10,9;343605;0;Волкова Елена Ивановна;+7 992 872-64-46;e.volkova@example-pharma.ru
24.09.2025;09.2025;Юг;Волгоград;Госпитальный сегмент;Региональный онкоцентр;Респираторные;Пульмостат;157;1240;14,9;165673;0;Новикова Елена Андреевна;+7 950 491-11-10;e.novikova@example-pharma.ru
25.09.2025;09.2025;Поволжье;Нижний Новгород;Дистрибьютор;Сибирский фармсклад;Кардиология;Тензолар;824;980;7,8;744533;0;Никитина Елена Ивановна;+7 934 832-15-66;e.nikitina@example-pharma.ru
27.09.2025;09.2025;Сибирь;Омск;Аптечная сеть;Зелёная аптека;Диабет;Инсулакс;65;4320;6,4;262829;0;Никитин Артём Николаевич;+7 959 372-29-12;a.nikitin@example-pharma.ru
27.09.2025;09.2025;Сибирь;Новосибирск;Госпитальный сегмент;Региональный онкоцентр;Онкология;Онкотрел;10;38900;10,9;346599;0;Никитин Артём Николаевич;+7 959 372-29-12;a.nikitin@example-pharma.ru
28.09.2025;09.2025;Сибирь;Омск;Дистрибьютор;Сибирский фармсклад;Кардиология;Тензолар;403;980;5,9;371639;0;Никитин Артём Николаевич;+7 959 372-29-12;a.nikitin@example-pharma.ru
28.09.2025;09.2025;Сибирь;Омск;Онлайн-аптека;е-Аптека;Диабет;Глюкорин;77;2680;3,0;200169;0;Никитин Артём Николаевич;+7 959 372-29-12;a.nikitin@example-pharma.ru
01.10.2025;10.2025;Дальний Восток;Владивосток;Аптечная сеть;Зелёная аптека;Кардиология;Тензолар;129;980;5,8;119088;0;Егоров Александр Андреевич;+7 954 214-78-51;a.egorov@example-pharma.ru
02.10.2025;10.2025;Поволжье;Нижний Новгород;Аптечная сеть;ФармаПлюс;Кардиология;Тензолар;151;980;7,4;137029;0;Лебедев Павел Александрович;+7 988 583-46-95;p.lebedev@example-pharma.ru
02.10.2025;10.2025;Урал;Екатеринбург;Аптечная сеть;Аптека Здравница;Респираторные;Пульмостат;252;1240;7,1;290294;0;Егорова Наталья Викторовна;+7 927 285-25-54;n.egorova@example-pharma.ru
03.10.2025;10.2025;Москва;Москва;Госпитальный сегмент;Региональный онкоцентр;Респираторные;Пульмостат;824;1240;12,5;894040;0;Кузнецов Андрей Сергеевич;+7 915 988-30-58;a.kuznetsov@example-pharma.ru
04.10.2025;10.2025;Москва;Москва;Дистрибьютор;РосФарм Дистрибьюшн;Ветеринария;Флеастоп;569;1120;6,8;593945;0;Орлова Ирина Сергеевна;+7 955 393-99-18;i.orlova@example-pharma.ru
05.10.2025;10.2025;Поволжье;Нижний Новгород;Дистрибьютор;МедТрейд;Безрецептурные;Дормивит;335;540;8,2;166066;0;Лебедев Павел Александрович;+7 988 583-46-95;p.lebedev@example-pharma.ru
06.10.2025;10.2025;Дальний Восток;Хабаровск;Дистрибьютор;Фарма-Логистик;Диабет;Инсулакс;786;4320;21,4;2668879;0;Егоров Александр Андреевич;+7 954 214-78-51;a.egorov@example-pharma.ru
06.10.2025;10.2025;Москва;Москва;Госпитальный сегмент;Кардиологический диспансер;Онкология;Онкотрел;35;38900;13,2;1181782;0;Орлова Ирина Сергеевна;+7 955 393-99-18;i.orlova@example-pharma.ru
06.10.2025;10.2025;Урал;Пермь;Онлайн-аптека;е-Аптека;Безрецептурные;Гастролюкс;118;620;4,1;70160;0;Егорова Наталья Викторовна;+7 927 285-25-54;n.egorova@example-pharma.ru
07.10.2025;10.2025;Центр;Тула;Ветеринарная клиника;ВетСити;Ветеринария;Флеастоп;56;1120;5,7;59145;0;Волкова Дарья Викторовна;+7 981 683-85-73;d.volkova@example-pharma.ru
09.10.2025;10.2025;Урал;Челябинск;Дистрибьютор;РосФарм Дистрибьюшн;Диабет;Глюкорин;369;2680;8,4;905851;0;Егорова Наталья Викторовна;+7 927 285-25-54;n.egorova@example-pharma.ru
10.10.2025;10.2025;Центр;Тула;Дистрибьютор;РосФарм Дистрибьюшн;Диабет;Инсулакс;670;4320;5,5;2735208;3;Волкова Дарья Викторовна;+7 981 683-85-73;d.volkova@example-pharma.ru
10.10.2025;10.2025;Юг;Ростов-на-Дону;Аптечная сеть;ФармаПлюс;Респираторные;Пульмостат;257;1240;5,5;301153;0;Новикова Елена Андреевна;+7 950 491-11-10;e.novikova@example-pharma.ru
12.10.2025;10.2025;Сибирь;Омск;Госпитальный сегмент;Региональный онкоцентр;Безрецептурные;Гастролюкс;128;620;10,7;70868;0;Никитин Артём Николаевич;+7 959 372-29-12;a.nikitin@example-pharma.ru
14.10.2025;10.2025;Дальний Восток;Владивосток;Аптечная сеть;Городская аптека 24;Кардиология;Тензолар;116;980;5,5;107428;0;Егоров Александр Андреевич;+7 954 214-78-51;a.egorov@example-pharma.ru
14.10.2025;10.2025;Центр;Ярославль;Дистрибьютор;Сибирский фармсклад;Безрецептурные;Гастролюкс;639;620;7,2;367655;0;Волкова Дарья Викторовна;+7 981 683-85-73;d.volkova@example-pharma.ru
14.10.2025;10.2025;Юг;Ростов-на-Дону;Дистрибьютор;Фарма-Логистик;Кардиология;Кардистан;769;2150;22,0;1289613;0;Новикова Елена Андреевна;+7 950 491-11-10;e.novikova@example-pharma.ru
15.10.2025;10.2025;Москва;Москва;Госпитальный сегмент;Кардиологический диспансер;Диабет;Глюкорин;127;2680;11,9;299857;1;Орлова Ирина Сергеевна;+7 955 393-99-18;i.orlova@example-pharma.ru
15.10.2025;10.2025;Центр;Рязань;Аптечная сеть;Аптека Здравница;Респираторные;Пульмостат;242;1240;4,1;287777;2;Волкова Дарья Викторовна;+7 981 683-85-73;d.volkova@example-pharma.ru
19.10.2025;10.2025;Дальний Восток;Хабаровск;Госпитальный сегмент;Областная клиническая больница;Кардиология;Тензолар;255;980;12,1;219662;0;Егоров Александр Андреевич;+7 954 214-78-51;a.egorov@example-pharma.ru
20.10.2025;10.2025;Поволжье;Казань;Госпитальный сегмент;Кардиологический диспансер;Онкология;Онкотрел;13;38900;12,7;441476;0;Лебедев Павел Александрович;+7 988 583-46-95;p.lebedev@example-pharma.ru
21.10.2025;10.2025;Москва;Москва;Госпитальный сегмент;Городская больница № 12;Диабет;Инсулакс;210;4320;13,0;789264;0;Орлова Ирина Сергеевна;+7 955 393-99-18;i.orlova@example-pharma.ru
21.10.2025;10.2025;Юг;Волгоград;Онлайн-аптека;е-Аптека;Респираторные;Респиролан;58;1890;3,6;105674;0;Новикова Елена Андреевна;+7 950 491-11-10;e.novikova@example-pharma.ru
23.10.2025;10.2025;Урал;Пермь;Дистрибьютор;МедТрейд;Онкология;Онкотрел;45;38900;7,2;1624464;0;Егорова Наталья Викторовна;+7 927 285-25-54;n.egorova@example-pharma.ru
24.10.2025;10.2025;Москва;Москва;Онлайн-аптека;АптекаМаркет;Респираторные;Пульмостат;215;1240;6,6;249004;0;Кузнецов Андрей Сергеевич;+7 915 988-30-58;a.kuznetsov@example-pharma.ru
24.10.2025;10.2025;Центр;Ярославль;Онлайн-аптека;е-Аптека;Кардиология;Тензолар;78;980;4,4;73077;0;Морозова Марина Александровна;+7 996 241-77-51;m.morozova@example-pharma.ru
25.10.2025;10.2025;Москва;Москва;Ветеринарная клиника;ВетСити;Ветеринария;Флеастоп;42;1120;6,6;43935;0;Орлова Ирина Сергеевна;+7 955 393-99-18;i.orlova@example-pharma.ru
26.10.2025;10.2025;Санкт-Петербург;Санкт-Петербург;Ветеринарная клиника;Зооклиника Друг;Ветеринария;Флеастоп;47;1120;5,0;50008;0;Волкова Елена Ивановна;+7 992 872-64-46;e.volkova@example-pharma.ru
26.10.2025;10.2025;Юг;Краснодар;Аптечная сеть;Зелёная аптека;Безрецептурные;Дормивит;63;540;5,8;32047;0;Новикова Елена Андреевна;+7 950 491-11-10;e.novikova@example-pharma.ru
27.10.2025;10.2025;Юг;Волгоград;Аптечная сеть;Аптека Здравница;Респираторные;Пульмостат;162;1240;6,0;188827;0;Новикова Елена Андреевна;+7 950 491-11-10;e.novikova@example-pharma.ru
28.10.2025;10.2025;Дальний Восток;Владивосток;Дистрибьютор;Фарма-Логистик;Безрецептурные;Дормивит;279;540;19,7;120980;0;Егоров Александр Андреевич;+7 954 214-78-51;a.egorov@example-pharma.ru
01.11.2025;11.2025;Москва;Москва;Ветеринарная клиника;Ветаптека Барбос;Ветеринария;Флеастоп;22;1120;7,6;22767;0;Кузнецов Андрей Сергеевич;+7 915 988-30-58;a.kuznetsov@example-pharma.ru
01.11.2025;11.2025;Центр;Тула;Аптечная сеть;Городская аптека 24;Респираторные;Пульмостат;310;1240;6,2;360567;0;Морозова Марина Александровна;+7 996 241-77-51;m.morozova@example-pharma.ru
01.11.2025;11.2025;Юг;Краснодар;Аптечная сеть;ФармаПлюс;Диабет;Глюкорин;71;2680;5,3;180195;0;Новикова Елена Андреевна;+7 950 491-11-10;e.novikova@example-pharma.ru
02.11.2025;11.2025;Поволжье;Уфа;Госпитальный сегмент;Кардиологический диспансер;Респираторные;Пульмостат;664;1240;11,1;731967;2;Никитина Елена Ивановна;+7 934 832-15-66;e.nikitina@example-pharma.ru
02.11.2025;11.2025;Центр;Ярославль;Аптечная сеть;Аптека Здравница;Кардиология;Тензолар;82;980;8,0;73931;0;Морозова Марина Александровна;+7 996 241-77-51;m.morozova@example-pharma.ru
03.11.2025;11.2025;Москва;Москва;Аптечная сеть;Зелёная аптека;Безрецептурные;Гастролюкс;41;620;7,3;23564;0;Орлова Ирина Сергеевна;+7 955 393-99-18;i.orlova@example-pharma.ru
03.11.2025;11.2025;Поволжье;Казань;Аптечная сеть;ФармаПлюс;Кардиология;Кардистан;125;2150;4,4;256925;0;Никитина Елена Ивановна;+7 934 832-15-66;e.nikitina@example-pharma.ru
03.11.2025;11.2025;Сибирь;Красноярск;Аптечная сеть;Аптека у дома;Диабет;Глюкорин;68;2680;5,6;172035;0;Никитин Артём Николаевич;+7 959 372-29-12;a.nikitin@example-pharma.ru
07.11.2025;11.2025;Урал;Пермь;Дистрибьютор;Сибирский фармсклад;Респираторные;Респиролан;880;1890;5,9;1565071;6;Егорова Наталья Викторовна;+7 927 285-25-54;n.egorova@example-pharma.ru
08.11.2025;11.2025;Сибирь;Красноярск;Госпитальный сегмент;Городская больница № 12;Кардиология;Кардистан;149;2150;11,8;282549;0;Никитин Артём Николаевич;+7 959 372-29-12;a.nikitin@example-pharma.ru
09.11.2025;11.2025;Дальний Восток;Владивосток;Аптечная сеть;ФармаПлюс;Диабет;Глюкорин;71;2680;4,5;181717;0;Егоров Александр Андреевич;+7 954 214-78-51;a.egorov@example-pharma.ru
09.11.2025;11.2025;Поволжье;Уфа;Аптечная сеть;ФармаПлюс;Респираторные;Респиролан;270;1890;6,5;477130;0;Лебедев Павел Александрович;+7 988 583-46-95;p.lebedev@example-pharma.ru
09.11.2025;11.2025;Юг;Волгоград;Аптечная сеть;Городская аптека 24;Кардиология;Тензолар;169;980;5,0;157339;0;Новикова Елена Андреевна;+7 950 491-11-10;e.novikova@example-pharma.ru
09.11.2025;11.2025;Юг;Волгоград;Дистрибьютор;МедТрейд;Ветеринария;Флеастоп;806;1120;8,0;830502;0;Новикова Елена Андреевна;+7 950 491-11-10;e.novikova@example-pharma.ru
11.11.2025;11.2025;Урал;Челябинск;Госпитальный сегмент;Областная клиническая больница;Кардиология;Тензолар;70;980;14,9;58379;0;Егорова Наталья Викторовна;+7 927 285-25-54;n.egorova@example-pharma.ru
12.11.2025;11.2025;Поволжье;Уфа;Онлайн-аптека;АптекаМаркет;Диабет;Инсулакс;87;4320;4,2;360055;0;Никитина Елена Ивановна;+7 934 832-15-66;e.nikitina@example-pharma.ru
13.11.2025;11.2025;Центр;Воронеж;Госпитальный сегмент;Областная клиническая больница;Онкология;Онкотрел;20;38900;14,0;669080;0;Морозова Марина Александровна;+7 996 241-77-51;m.morozova@example-pharma.ru
14.11.2025;11.2025;Юг;Ростов-на-Дону;Дистрибьютор;Фарма-Логистик;Безрецептурные;Дормивит;400;540;17,2;178848;0;Новикова Елена Андреевна;+7 950 491-11-10;e.novikova@example-pharma.ru
16.11.2025;11.2025;Москва;Москва;Онлайн-аптека;АптекаМаркет;Безрецептурные;Гастролюкс;27;620;5,3;15853;0;Орлова Ирина Сергеевна;+7 955 393-99-18;i.orlova@example-pharma.ru
16.11.2025;11.2025;Центр;Ярославль;Онлайн-аптека;е-Аптека;Кардиология;Тензолар;70;980;3,5;66199;0;Морозова Марина Александровна;+7 996 241-77-51;m.morozova@example-pharma.ru
18.11.2025;11.2025;Москва;Москва;Дистрибьютор;Фарма-Логистик;Диабет;Инсулакс;884;4320;20,7;3028372;0;Орлова Ирина Сергеевна;+7 955 393-99-18;i.orlova@example-pharma.ru
18.11.2025;11.2025;Поволжье;Казань;Дистрибьютор;Сибирский фармсклад;Респираторные;Пульмостат;507;1240;6,7;586558;0;Никитина Елена Ивановна;+7 934 832-15-66;e.nikitina@example-pharma.ru
19.11.2025;11.2025;Москва;Москва;Ветеринарная клиника;ВетСити;Ветеринария;Ветапрол;26;1450;4,9;35853;0;Кузнецов Андрей Сергеевич;+7 915 988-30-58;a.kuznetsov@example-pharma.ru
21.11.2025;11.2025;Сибирь;Новосибирск;Аптечная сеть;Зелёная аптека;Респираторные;Пульмостат;367;1240;6,2;426865;3;Никитин Артём Николаевич;+7 959 372-29-12;a.nikitin@example-pharma.ru
24.11.2025;11.2025;Дальний Восток;Хабаровск;Ветеринарная клиника;Зооклиника Друг;Ветеринария;Ветапрол;20;1450;6,5;27115;0;Егоров Александр Андреевич;+7 954 214-78-51;a.egorov@example-pharma.ru
25.11.2025;11.2025;Москва;Москва;Аптечная сеть;ФармаПлюс;Безрецептурные;Гастролюкс;112;620;8,0;63885;0;Орлова Ирина Сергеевна;+7 955 393-99-18;i.orlova@example-pharma.ru
26.11.2025;11.2025;Центр;Рязань;Госпитальный сегмент;Кардиологический диспансер;Респираторные;Респиролан;596;1890;10,4;1009290;2;Волкова Дарья Викторовна;+7 981 683-85-73;d.volkova@example-pharma.ru
27.11.2025;11.2025;Урал;Пермь;Госпитальный сегмент;Городская больница № 12;Онкология;Онкотрел;34;38900;14,3;1133468;0;Егорова Наталья Викторовна;+7 927 285-25-54;n.egorova@example-pharma.ru
27.11.2025;11.2025;Урал;Челябинск;Госпитальный сегмент;Городская больница № 12;Онкология;Онкотрел;36;38900;13,9;1205744;0;Егорова Наталья Викторовна;+7 927 285-25-54;n.egorova@example-pharma.ru
27.11.2025;11.2025;Юг;Ростов-на-Дону;Дистрибьютор;МедТрейд;Безрецептурные;Дормивит;856;540;6,7;431270;0;Новикова Елена Андреевна;+7 950 491-11-10;e.novikova@example-pharma.ru
28.11.2025;11.2025;Сибирь;Красноярск;Аптечная сеть;Городская аптека 24;Безрецептурные;Дормивит;162;540;4,9;83193;0;Никитин Артём Николаевич;+7 959 372-29-12;a.nikitin@example-pharma.ru
01.12.2025;12.2025;Сибирь;Красноярск;Аптечная сеть;ФармаПлюс;Диабет;Инсулакс;170;4320;6,1;689602;0;Никитин Артём Николаевич;+7 959 372-29-12;a.nikitin@example-pharma.ru
02.12.2025;12.2025;Сибирь;Красноярск;Госпитальный сегмент;Городская больница № 12;Респираторные;Пульмостат;520;1240;15,0;548080;0;Никитин Артём Николаевич;+7 959 372-29-12;a.nikitin@example-pharma.ru
03.12.2025;12.2025;Центр;Ярославль;Дистрибьютор;МедТрейд;Респираторные;Респиролан;1368;1890;8,2;2373507;0;Морозова Марина Александровна;+7 996 241-77-51;m.morozova@example-pharma.ru
04.12.2025;12.2025;Урал;Екатеринбург;Ветеринарная клиника;Зооклиника Друг;Ветеринария;Ветапрол;49;1450;6,9;66148;0;Егорова Наталья Викторовна;+7 927 285-25-54;n.egorova@example-pharma.ru
05.12.2025;12.2025;Москва;Москва;Аптечная сеть;ФармаПлюс;Респираторные;Пульмостат;117;1240;7,4;134344;0;Орлова Ирина Сергеевна;+7 955 393-99-18;i.orlova@example-pharma.ru
05.12.2025;12.2025;Москва;Москва;Дистрибьютор;РосФарм Дистрибьюшн;Кардиология;Тензолар;598;980;9,0;533296;0;Кузнецов Андрей Сергеевич;+7 915 988-30-58;a.kuznetsov@example-pharma.ru
05.12.2025;12.2025;Сибирь;Омск;Аптечная сеть;Зелёная аптека;Кардиология;Кардистан;46;2150;4,3;94647;0;Никитин Артём Николаевич;+7 959 372-29-12;a.nikitin@example-pharma.ru
07.12.2025;12.2025;Юг;Краснодар;Ветеринарная клиника;Зооклиника Друг;Ветеринария;Флеастоп;43;1120;4,8;45848;0;Новикова Елена Андреевна;+7 950 491-11-10;e.novikova@example-pharma.ru
09.12.2025;12.2025;Поволжье;Казань;Онлайн-аптека;АптекаМаркет;Кардиология;Тензолар;99;980;3,5;93624;0;Никитина Елена Ивановна;+7 934 832-15-66;e.nikitina@example-pharma.ru
10.12.2025;12.2025;Москва;Москва;Дистрибьютор;РосФарм Дистрибьюшн;Кардиология;Тензолар;361;980;5,4;334676;3;Кузнецов Андрей Сергеевич;+7 915 988-30-58;a.kuznetsov@example-pharma.ru
11.12.2025;12.2025;Дальний Восток;Хабаровск;Аптечная сеть;Аптека у дома;Безрецептурные;Дормивит;81;540;4,1;41947;0;Егоров Александр Андреевич;+7 954 214-78-51;a.egorov@example-pharma.ru
11.12.2025;12.2025;Юг;Волгоград;Дистрибьютор;Сибирский фармсклад;Респираторные;Респиролан;1556;1890;8,7;2684987;6;Новикова Елена Андреевна;+7 950 491-11-10;e.novikova@example-pharma.ru
12.12.2025;12.2025;Москва;Москва;Дистрибьютор;Фарма-Логистик;Диабет;Глюкорин;494;2680;17,7;1089586;1;Орлова Ирина Сергеевна;+7 955 393-99-18;i.orlova@example-pharma.ru
13.12.2025;12.2025;Санкт-Петербург;Санкт-Петербург;Дистрибьютор;Фарма-Логистик;Безрецептурные;Гастролюкс;361;620;20,7;177489;0;Волкова Елена Ивановна;+7 992 872-64-46;e.volkova@example-pharma.ru
14.12.2025;12.2025;Урал;Челябинск;Госпитальный сегмент;Городская больница № 12;Онкология;Онкотрел;17;38900;12,4;579299;0;Егорова Наталья Викторовна;+7 927 285-25-54;n.egorova@example-pharma.ru
15.12.2025;12.2025;Поволжье;Уфа;Дистрибьютор;МедТрейд;Безрецептурные;Дормивит;821;540;5,9;417183;0;Никитина Елена Ивановна;+7 934 832-15-66;e.nikitina@example-pharma.ru
15.12.2025;12.2025;Санкт-Петербург;Санкт-Петербург;Ветеринарная клиника;ВетСити;Ветеринария;Ветапрол;57;1450;6,1;77608;0;Борисов Роман Андреевич;+7 914 981-86-65;r.borisov@example-pharma.ru
15.12.2025;12.2025;Центр;Рязань;Госпитальный сегмент;Кардиологический диспансер;Диабет;Инсулакс;376;4320;11,7;1434275;0;Волкова Дарья Викторовна;+7 981 683-85-73;d.volkova@example-pharma.ru
16.12.2025;12.2025;Поволжье;Уфа;Дистрибьютор;Фарма-Логистик;Кардиология;Кардистан;640;2150;17,7;1132448;6;Никитина Елена Ивановна;+7 934 832-15-66;e.nikitina@example-pharma.ru
18.12.2025;12.2025;Урал;Екатеринбург;Аптечная сеть;Аптека у дома;Респираторные;Респиролан;165;1890;7,8;287526;0;Егорова Наталья Викторовна;+7 927 285-25-54;n.egorova@example-pharma.ru
19.12.2025;12.2025;Сибирь;Омск;Ветеринарная клиника;Зооклиника Друг;Ветеринария;Ветапрол;44;1450;4,8;60738;0;Никитин Артём Николаевич;+7 959 372-29-12;a.nikitin@example-pharma.ru
21.12.2025;12.2025;Москва;Москва;Дистрибьютор;МедТрейд;Диабет;Инсулакс;742;4320;8,8;2923361;0;Кузнецов Андрей Сергеевич;+7 915 988-30-58;a.kuznetsov@example-pharma.ru
22.12.2025;12.2025;Дальний Восток;Владивосток;Аптечная сеть;Городская аптека 24;Диабет;Глюкорин;54;2680;7,9;133287;0;Егоров Александр Андреевич;+7 954 214-78-51;a.egorov@example-pharma.ru
23.12.2025;12.2025;Москва;Москва;Аптечная сеть;Аптека у дома;Безрецептурные;Дормивит;72;540;6,6;36314;0;Кузнецов Андрей Сергеевич;+7 915 988-30-58;a.kuznetsov@example-pharma.ru
23.12.2025;12.2025;Поволжье;Нижний Новгород;Дистрибьютор;Фарма-Логистик;Кардиология;Тензолар;452;980;17,2;366771;0;Лебедев Павел Александрович;+7 988 583-46-95;p.lebedev@example-pharma.ru
25.12.2025;12.2025;Сибирь;Новосибирск;Госпитальный сегмент;Городская больница № 12;Онкология;Онкотрел;25;38900;11,3;862608;0;Никитин Артём Николаевич;+7 959 372-29-12;a.nikitin@example-pharma.ru
26.12.2025;12.2025;Москва;Москва;Аптечная сеть;Аптека Здравница;Респираторные;Респиролан;285;1890;4,0;517104;0;Кузнецов Андрей Сергеевич;+7 915 988-30-58;a.kuznetsov@example-pharma.ru
26.12.2025;12.2025;Поволжье;Казань;Дистрибьютор;Сибирский фармсклад;Безрецептурные;Гастролюкс;385;620;6,0;224378;0;Лебедев Павел Александрович;+7 988 583-46-95;p.lebedev@example-pharma.ru
27.12.2025;12.2025;Сибирь;Красноярск;Аптечная сеть;Зелёная аптека;Безрецептурные;Дормивит;83;540;6,6;41862;0;Никитин Артём Николаевич;+7 959 372-29-12;a.nikitin@example-pharma.ru
27.12.2025;12.2025;Юг;Ростов-на-Дону;Аптечная сеть;Аптека у дома;Респираторные;Респиролан;130;1890;6,5;229730;0;Новикова Елена Андреевна;+7 950 491-11-10;e.novikova@example-pharma.ru
28.12.2025;12.2025;Урал;Пермь;Госпитальный сегмент;Региональный онкоцентр;Онкология;Онкотрел;31;38900;12,1;1059986;0;Егорова Наталья Викторовна;+7 927 285-25-54;n.egorova@example-pharma.ru
